{
  "current": "custom",
  "presets": {
    "custom": {
      "show_main_image_1": "1",
      "main_image_1_link": "#slide_link1",
      "show_main_image_2": "1",
      "main_image_2_link": "#slide_link2",
      "show_main_image_3": "1",
      "main_image_3_link": "#slide_link3",
      "show_main_image_4": "1",
      "main_image_4_link": "#slide_link4",
      "show_main_image_5": "1",
      "main_image_5_link": "#slide_link5",
      "show_main_image_slider": "1",
      "show_main_image_effect": "random",
      "show_main_image_timeout": "4000",
      "bg_color": "#74CA43",
      "use_bg_image": "1",
      "bg_image": "bg-loaded.png",
      "bg_image_y_position": "center",
      "bg_image_x_position": "left",
      "bg_image_repeat": "repeat",
      "bg_image_attachment": "scroll",
      "bg_content_color": "#FFFFFF",
      "use_pt_sans_narrow": "1",
      "regular_font": "Trebuchet MS, sans-serif",
      "font_size": "14px",
      "text_color": "#797878",
      "header_color": "#FFFFFF",
      "link_color": "#2570BB",
      "border_color": "#CACACB",
      "form_color": "#FFFFFF",
      "header_bg_transparent": "1",
      "header_bg_color": "#FFFFFF",
      "header_text_color": "#5CBB1C",
      "show_phone": "1",
      "use_logo_image": "1",
      "logo_image": "loaded_logo.png",
      "title_color": "#F2A622",
      "cart_title_color": "#FFFAFA",
      "cart_color": "#656565",
      "main_menu_bgcolor_1": "#42AB32",
      "main_menu_bgcolor_2": "#30B335",
      "main_menu_hover_1": "#25C435",
      "main_menu_hover_2": "#4CF557",
      "main_menu_color": "#FFFBFA",
      "main_menu_font": "Trebuchet MS, sans-serif",
      "order_button": "1",
      "price_color": "#4A9624",
      "addbtn_color_1": "#EDEAE1",
      "addbtn_color_2": "#F7EFBC",
      "block_bg_color": "#FA9C20",
      "cart_icon": "loaded_carticon.png"
    }
  },
  "remote_theme_id": 31072151,
  "source_account_id": null,
  "theme_title": "SPORT STORE"
}